DELETE FROM public.wine_variety_styles
WHERE wine_style_id IN (
  '10000000-0000-4000-8000-000000000003',
  '10000000-0000-4000-8000-000000000004',
  '10000000-0000-4000-8000-000000000005',
  '10000000-0000-4000-8000-000000000006'
);

DELETE FROM public.wine_styles
WHERE id IN (
  '10000000-0000-4000-8000-000000000003',
  '10000000-0000-4000-8000-000000000004',
  '10000000-0000-4000-8000-000000000005',
  '10000000-0000-4000-8000-000000000006'
);

INSERT INTO public.wine_styles (id, code, name) VALUES
  ('10000000-0000-4000-8000-000000000001', 'red', 'Red'),
  ('10000000-0000-4000-8000-000000000002', 'white', 'White')
ON CONFLICT (id) DO UPDATE
SET code = EXCLUDED.code,
    name = EXCLUDED.name;

INSERT INTO public.wine_varieties (id, name) VALUES
  ('20000000-0000-4000-8000-000000000001', 'Pinot Noir'),
  ('20000000-0000-4000-8000-000000000002', 'Cabernet Sauvignon'),
  ('20000000-0000-4000-8000-000000000003', 'Merlot'),
  ('20000000-0000-4000-8000-000000000004', 'Cabernet Franc'),
  ('20000000-0000-4000-8000-000000000005', 'Syrah'),
  ('20000000-0000-4000-8000-000000000006', 'Grenache'),
  ('20000000-0000-4000-8000-000000000007', 'Gamay'),
  ('20000000-0000-4000-8000-000000000008', 'Nebbiolo'),
  ('20000000-0000-4000-8000-000000000009', 'Sangiovese'),
  ('20000000-0000-4000-8000-000000000010', 'Tempranillo'),
  ('20000000-0000-4000-8000-000000000011', 'Zinfandel'),
  ('20000000-0000-4000-8000-000000000012', 'Malbec'),
  ('20000000-0000-4000-8000-000000000013', 'Pinot Meunier'),
  ('20000000-0000-4000-8000-000000000014', 'Chardonnay'),
  ('20000000-0000-4000-8000-000000000015', 'Sauvignon Blanc'),
  ('20000000-0000-4000-8000-000000000016', 'Riesling'),
  ('20000000-0000-4000-8000-000000000017', 'Chenin Blanc'),
  ('20000000-0000-4000-8000-000000000018', 'Pinot Gris'),
  ('20000000-0000-4000-8000-000000000019', 'Gewürztraminer'),
  ('20000000-0000-4000-8000-000000000020', 'Viognier'),
  ('20000000-0000-4000-8000-000000000021', 'Semillon'),
  ('20000000-0000-4000-8000-000000000022', 'Grüner Veltliner'),
  ('20000000-0000-4000-8000-000000000023', 'Albariño'),
  ('20000000-0000-4000-8000-000000000024', 'Muscat'),
  ('20000000-0000-4000-8000-000000000025', 'Koshu')
ON CONFLICT DO NOTHING;

INSERT INTO public.wine_variety_styles (wine_variety_id, wine_style_id) VALUES
  ('20000000-0000-4000-8000-000000000001', '10000000-0000-4000-8000-000000000001'),
  ('20000000-0000-4000-8000-000000000002', '10000000-0000-4000-8000-000000000001'),
  ('20000000-0000-4000-8000-000000000003', '10000000-0000-4000-8000-000000000001'),
  ('20000000-0000-4000-8000-000000000004', '10000000-0000-4000-8000-000000000001'),
  ('20000000-0000-4000-8000-000000000005', '10000000-0000-4000-8000-000000000001'),
  ('20000000-0000-4000-8000-000000000006', '10000000-0000-4000-8000-000000000001'),
  ('20000000-0000-4000-8000-000000000007', '10000000-0000-4000-8000-000000000001'),
  ('20000000-0000-4000-8000-000000000008', '10000000-0000-4000-8000-000000000001'),
  ('20000000-0000-4000-8000-000000000009', '10000000-0000-4000-8000-000000000001'),
  ('20000000-0000-4000-8000-000000000010', '10000000-0000-4000-8000-000000000001'),
  ('20000000-0000-4000-8000-000000000011', '10000000-0000-4000-8000-000000000001'),
  ('20000000-0000-4000-8000-000000000012', '10000000-0000-4000-8000-000000000001'),
  ('20000000-0000-4000-8000-000000000013', '10000000-0000-4000-8000-000000000001'),
  ('20000000-0000-4000-8000-000000000014', '10000000-0000-4000-8000-000000000002'),
  ('20000000-0000-4000-8000-000000000015', '10000000-0000-4000-8000-000000000002'),
  ('20000000-0000-4000-8000-000000000016', '10000000-0000-4000-8000-000000000002'),
  ('20000000-0000-4000-8000-000000000017', '10000000-0000-4000-8000-000000000002'),
  ('20000000-0000-4000-8000-000000000018', '10000000-0000-4000-8000-000000000002'),
  ('20000000-0000-4000-8000-000000000019', '10000000-0000-4000-8000-000000000002'),
  ('20000000-0000-4000-8000-000000000020', '10000000-0000-4000-8000-000000000002'),
  ('20000000-0000-4000-8000-000000000021', '10000000-0000-4000-8000-000000000002'),
  ('20000000-0000-4000-8000-000000000022', '10000000-0000-4000-8000-000000000002'),
  ('20000000-0000-4000-8000-000000000023', '10000000-0000-4000-8000-000000000002'),
  ('20000000-0000-4000-8000-000000000024', '10000000-0000-4000-8000-000000000002'),
  ('20000000-0000-4000-8000-000000000025', '10000000-0000-4000-8000-000000000002')
ON CONFLICT DO NOTHING;

INSERT INTO public.wine_region_types (id, code, name) VALUES
  ('30000000-0000-4000-8000-000000000001', 'country', 'Country'),
  ('30000000-0000-4000-8000-000000000002', 'state_or_province', 'State / Province'),
  ('30000000-0000-4000-8000-000000000003', 'wine_region', 'Wine Region'),
  ('30000000-0000-4000-8000-000000000004', 'subregion', 'Subregion'),
  ('30000000-0000-4000-8000-000000000005', 'district', 'District'),
  ('30000000-0000-4000-8000-000000000006', 'commune_or_municipality', 'Commune / Municipality'),
  ('30000000-0000-4000-8000-000000000007', 'appellation', 'Appellation'),
  ('30000000-0000-4000-8000-000000000008', 'sub_appellation', 'Sub-Appellation'),
  ('30000000-0000-4000-8000-000000000009', 'vineyard', 'Vineyard'),
  ('30000000-0000-4000-8000-000000000010', 'climat_or_lieu_dit', 'Climat / Lieu-Dit'),
  ('30000000-0000-4000-8000-000000000011', 'estate', 'Estate'),
  ('30000000-0000-4000-8000-000000000012', 'winery', 'Winery'),
  ('30000000-0000-4000-8000-000000000013', 'producer', 'Producer')
ON CONFLICT (id) DO UPDATE
SET code = EXCLUDED.code,
    name = EXCLUDED.name;

INSERT INTO public.wine_regions (id, parent_region_id, wine_region_type_id, name) VALUES
  ('40000000-0000-4000-8000-000000000001', NULL, '30000000-0000-4000-8000-000000000001', 'France'),
  ('40000000-0000-4000-8000-000000000002', NULL, '30000000-0000-4000-8000-000000000001', 'Italy'),
  ('40000000-0000-4000-8000-000000000003', NULL, '30000000-0000-4000-8000-000000000001', 'Spain'),
  ('40000000-0000-4000-8000-000000000004', NULL, '30000000-0000-4000-8000-000000000001', 'Germany'),
  ('40000000-0000-4000-8000-000000000005', NULL, '30000000-0000-4000-8000-000000000001', 'Austria'),
  ('40000000-0000-4000-8000-000000000006', NULL, '30000000-0000-4000-8000-000000000001', 'United States'),
  ('40000000-0000-4000-8000-000000000007', NULL, '30000000-0000-4000-8000-000000000001', 'Australia'),
  ('40000000-0000-4000-8000-000000000008', NULL, '30000000-0000-4000-8000-000000000001', 'New Zealand'),
  ('40000000-0000-4000-8000-000000000009', NULL, '30000000-0000-4000-8000-000000000001', 'Chile'),
  ('40000000-0000-4000-8000-000000000010', NULL, '30000000-0000-4000-8000-000000000001', 'Argentina'),
  ('40000000-0000-4000-8000-000000000011', NULL, '30000000-0000-4000-8000-000000000001', 'South Africa'),
  ('40000000-0000-4000-8000-000000000012', NULL, '30000000-0000-4000-8000-000000000001', 'Japan')
ON CONFLICT DO NOTHING;

INSERT INTO public.wine_regions (id, parent_region_id, wine_region_type_id, name) VALUES
  ('40000000-0000-4000-8000-000000000101', '40000000-0000-4000-8000-000000000001', '30000000-0000-4000-8000-000000000003', 'Bourgogne'),
  ('40000000-0000-4000-8000-000000000102', '40000000-0000-4000-8000-000000000101', '30000000-0000-4000-8000-000000000007', 'Chablis'),
  ('40000000-0000-4000-8000-000000000103', '40000000-0000-4000-8000-000000000101', '30000000-0000-4000-8000-000000000004', 'Côte d''Or'),
  ('40000000-0000-4000-8000-000000000104', '40000000-0000-4000-8000-000000000103', '30000000-0000-4000-8000-000000000004', 'Côte de Nuits'),
  ('40000000-0000-4000-8000-000000000105', '40000000-0000-4000-8000-000000000103', '30000000-0000-4000-8000-000000000004', 'Côte de Beaune'),
  ('40000000-0000-4000-8000-000000000106', '40000000-0000-4000-8000-000000000101', '30000000-0000-4000-8000-000000000004', 'Mâconnais'),
  ('40000000-0000-4000-8000-000000000107', '40000000-0000-4000-8000-000000000001', '30000000-0000-4000-8000-000000000003', 'Bordeaux'),
  ('40000000-0000-4000-8000-000000000108', '40000000-0000-4000-8000-000000000107', '30000000-0000-4000-8000-000000000004', 'Médoc'),
  ('40000000-0000-4000-8000-000000000109', '40000000-0000-4000-8000-000000000107', '30000000-0000-4000-8000-000000000007', 'Haut-Médoc'),
  ('40000000-0000-4000-8000-000000000110', '40000000-0000-4000-8000-000000000107', '30000000-0000-4000-8000-000000000007', 'Pauillac'),
  ('40000000-0000-4000-8000-000000000111', '40000000-0000-4000-8000-000000000107', '30000000-0000-4000-8000-000000000007', 'Margaux'),
  ('40000000-0000-4000-8000-000000000112', '40000000-0000-4000-8000-000000000107', '30000000-0000-4000-8000-000000000007', 'Saint-Émilion'),
  ('40000000-0000-4000-8000-000000000113', '40000000-0000-4000-8000-000000000107', '30000000-0000-4000-8000-000000000007', 'Pomerol'),
  ('40000000-0000-4000-8000-000000000114', '40000000-0000-4000-8000-000000000107', '30000000-0000-4000-8000-000000000004', 'Graves'),
  ('40000000-0000-4000-8000-000000000115', '40000000-0000-4000-8000-000000000107', '30000000-0000-4000-8000-000000000007', 'Sauternes'),
  ('40000000-0000-4000-8000-000000000116', '40000000-0000-4000-8000-000000000001', '30000000-0000-4000-8000-000000000003', 'Champagne'),
  ('40000000-0000-4000-8000-000000000117', '40000000-0000-4000-8000-000000000001', '30000000-0000-4000-8000-000000000003', 'Loire Valley'),
  ('40000000-0000-4000-8000-000000000118', '40000000-0000-4000-8000-000000000117', '30000000-0000-4000-8000-000000000007', 'Sancerre'),
  ('40000000-0000-4000-8000-000000000119', '40000000-0000-4000-8000-000000000117', '30000000-0000-4000-8000-000000000007', 'Pouilly-Fumé'),
  ('40000000-0000-4000-8000-000000000120', '40000000-0000-4000-8000-000000000117', '30000000-0000-4000-8000-000000000007', 'Vouvray'),
  ('40000000-0000-4000-8000-000000000121', '40000000-0000-4000-8000-000000000117', '30000000-0000-4000-8000-000000000007', 'Muscadet'),
  ('40000000-0000-4000-8000-000000000122', '40000000-0000-4000-8000-000000000001', '30000000-0000-4000-8000-000000000003', 'Rhône Valley'),
  ('40000000-0000-4000-8000-000000000123', '40000000-0000-4000-8000-000000000122', '30000000-0000-4000-8000-000000000004', 'Northern Rhône'),
  ('40000000-0000-4000-8000-000000000124', '40000000-0000-4000-8000-000000000122', '30000000-0000-4000-8000-000000000004', 'Southern Rhône'),
  ('40000000-0000-4000-8000-000000000125', '40000000-0000-4000-8000-000000000001', '30000000-0000-4000-8000-000000000003', 'Alsace'),
  ('40000000-0000-4000-8000-000000000126', '40000000-0000-4000-8000-000000000001', '30000000-0000-4000-8000-000000000003', 'Provence'),
  ('40000000-0000-4000-8000-000000000127', '40000000-0000-4000-8000-000000000001', '30000000-0000-4000-8000-000000000003', 'Languedoc-Roussillon'),
  ('40000000-0000-4000-8000-000000000201', '40000000-0000-4000-8000-000000000002', '30000000-0000-4000-8000-000000000003', 'Piemonte'),
  ('40000000-0000-4000-8000-000000000202', '40000000-0000-4000-8000-000000000201', '30000000-0000-4000-8000-000000000007', 'Barolo'),
  ('40000000-0000-4000-8000-000000000203', '40000000-0000-4000-8000-000000000201', '30000000-0000-4000-8000-000000000007', 'Barbaresco'),
  ('40000000-0000-4000-8000-000000000204', '40000000-0000-4000-8000-000000000002', '30000000-0000-4000-8000-000000000003', 'Toscana'),
  ('40000000-0000-4000-8000-000000000205', '40000000-0000-4000-8000-000000000204', '30000000-0000-4000-8000-000000000007', 'Chianti Classico'),
  ('40000000-0000-4000-8000-000000000206', '40000000-0000-4000-8000-000000000204', '30000000-0000-4000-8000-000000000007', 'Brunello di Montalcino'),
  ('40000000-0000-4000-8000-000000000207', '40000000-0000-4000-8000-000000000204', '30000000-0000-4000-8000-000000000007', 'Bolgheri'),
  ('40000000-0000-4000-8000-000000000208', '40000000-0000-4000-8000-000000000002', '30000000-0000-4000-8000-000000000003', 'Veneto'),
  ('40000000-0000-4000-8000-000000000209', '40000000-0000-4000-8000-000000000208', '30000000-0000-4000-8000-000000000007', 'Valpolicella'),
  ('40000000-0000-4000-8000-000000000210', '40000000-0000-4000-8000-000000000208', '30000000-0000-4000-8000-000000000007', 'Soave'),
  ('40000000-0000-4000-8000-000000000211', '40000000-0000-4000-8000-000000000002', '30000000-0000-4000-8000-000000000003', 'Sicilia'),
  ('40000000-0000-4000-8000-000000000212', '40000000-0000-4000-8000-000000000002', '30000000-0000-4000-8000-000000000003', 'Alto Adige'),
  ('40000000-0000-4000-8000-000000000213', '40000000-0000-4000-8000-000000000002', '30000000-0000-4000-8000-000000000003', 'Friuli-Venezia Giulia'),
  ('40000000-0000-4000-8000-000000000301', '40000000-0000-4000-8000-000000000003', '30000000-0000-4000-8000-000000000003', 'Rioja'),
  ('40000000-0000-4000-8000-000000000302', '40000000-0000-4000-8000-000000000003', '30000000-0000-4000-8000-000000000003', 'Ribera del Duero'),
  ('40000000-0000-4000-8000-000000000303', '40000000-0000-4000-8000-000000000003', '30000000-0000-4000-8000-000000000003', 'Priorat'),
  ('40000000-0000-4000-8000-000000000304', '40000000-0000-4000-8000-000000000003', '30000000-0000-4000-8000-000000000003', 'Rías Baixas'),
  ('40000000-0000-4000-8000-000000000305', '40000000-0000-4000-8000-000000000003', '30000000-0000-4000-8000-000000000007', 'Jerez'),
  ('40000000-0000-4000-8000-000000000401', '40000000-0000-4000-8000-000000000004', '30000000-0000-4000-8000-000000000003', 'Mosel'),
  ('40000000-0000-4000-8000-000000000402', '40000000-0000-4000-8000-000000000004', '30000000-0000-4000-8000-000000000003', 'Rheingau'),
  ('40000000-0000-4000-8000-000000000403', '40000000-0000-4000-8000-000000000004', '30000000-0000-4000-8000-000000000003', 'Pfalz'),
  ('40000000-0000-4000-8000-000000000404', '40000000-0000-4000-8000-000000000004', '30000000-0000-4000-8000-000000000003', 'Rheinhessen'),
  ('40000000-0000-4000-8000-000000000405', '40000000-0000-4000-8000-000000000004', '30000000-0000-4000-8000-000000000003', 'Nahe'),
  ('40000000-0000-4000-8000-000000000501', '40000000-0000-4000-8000-000000000006', '30000000-0000-4000-8000-000000000002', 'California'),
  ('40000000-0000-4000-8000-000000000502', '40000000-0000-4000-8000-000000000501', '30000000-0000-4000-8000-000000000003', 'Napa Valley'),
  ('40000000-0000-4000-8000-000000000503', '40000000-0000-4000-8000-000000000501', '30000000-0000-4000-8000-000000000003', 'Sonoma County'),
  ('40000000-0000-4000-8000-000000000504', '40000000-0000-4000-8000-000000000501', '30000000-0000-4000-8000-000000000003', 'Central Coast'),
  ('40000000-0000-4000-8000-000000000505', '40000000-0000-4000-8000-000000000006', '30000000-0000-4000-8000-000000000002', 'Oregon'),
  ('40000000-0000-4000-8000-000000000506', '40000000-0000-4000-8000-000000000505', '30000000-0000-4000-8000-000000000003', 'Willamette Valley'),
  ('40000000-0000-4000-8000-000000000507', '40000000-0000-4000-8000-000000000006', '30000000-0000-4000-8000-000000000002', 'Washington'),
  ('40000000-0000-4000-8000-000000000508', '40000000-0000-4000-8000-000000000507', '30000000-0000-4000-8000-000000000003', 'Columbia Valley'),
  ('40000000-0000-4000-8000-000000000601', '40000000-0000-4000-8000-000000000012', '30000000-0000-4000-8000-000000000002', 'Yamanashi'),
  ('40000000-0000-4000-8000-000000000602', '40000000-0000-4000-8000-000000000012', '30000000-0000-4000-8000-000000000002', 'Nagano'),
  ('40000000-0000-4000-8000-000000000603', '40000000-0000-4000-8000-000000000012', '30000000-0000-4000-8000-000000000002', 'Hokkaido'),
  ('40000000-0000-4000-8000-000000000604', '40000000-0000-4000-8000-000000000012', '30000000-0000-4000-8000-000000000002', 'Yamagata')
ON CONFLICT DO NOTHING;
